;;;;COUNT;SUM;AVG;MIN;MAX
-147714.1579;-8942546.154;-8915864.146;-4688.488976;4;-18010812.95;-4502703.237;-8942546.154;-4688.488976
147714.1579;8942546.154;8915864.146;4688.488976;4;18010812.95;4502703.237;4688.488976;8942546.154
-147714.1579;8942546.154;-8915864.146;4688.488976;4;-116343.6603;-29085.91507;-8915864.146;8942546.154
